"E/V","I/uA"
-5.4950000E-01,9.4141000E+00
-5.4900000E-01,1.1481000E+01
-5.4850000E-01,1.1969900E+01
-5.4800000E-01,1.2197500E+01
-5.4750000E-01,1.2245500E+01
-5.4700000E-01,1.2339200E+01
-5.4650000E-01,1.2380200E+01
-5.4600000E-01,1.2232600E+01
-5.4550000E-01,1.2248200E+01
-5.4500000E-01,1.2366700E+01
-5.4450000E-01,1.2269500E+01
-5.4400000E-01,1.2320900E+01
-5.4350000E-01,1.2393200E+01
-5.4300000E-01,1.2412400E+01
-5.4250000E-01,1.2405700E+01
-5.4200000E-01,1.2366000E+01
-5.4150000E-01,1.2405300E+01
-5.4100000E-01,1.2427200E+01
-5.4050000E-01,1.2444300E+01
-5.4000000E-01,1.2493100E+01
-5.3950000E-01,1.2406700E+01
-5.3900000E-01,1.2455200E+01
-5.3850000E-01,1.2306300E+01
-5.3800000E-01,1.2491000E+01
-5.3750000E-01,1.2349800E+01
-5.3700000E-01,1.2499000E+01
-5.3650000E-01,1.2463400E+01
-5.3600000E-01,1.2553200E+01
-5.3550000E-01,1.2514200E+01
-5.3500000E-01,1.2535400E+01
-5.3450000E-01,1.2792500E+01
-5.3400000E-01,1.2835900E+01
-5.3350000E-01,1.2596700E+01
-5.3300000E-01,1.2746300E+01
-5.3250000E-01,1.2768700E+01
-5.3200000E-01,1.2721300E+01
-5.3150000E-01,1.2802500E+01
-5.3100000E-01,1.2690100E+01
-5.3050000E-01,1.2781800E+01
-5.3000000E-01,1.2804100E+01
-5.2950000E-01,1.2697700E+01
-5.2900000E-01,1.2711700E+01
-5.2850000E-01,1.2835000E+01
-5.2800000E-01,1.2776900E+01
-5.2750000E-01,1.2853600E+01
-5.2700000E-01,1.2589300E+01
-5.2650000E-01,1.2674000E+01
-5.2600000E-01,1.2755800E+01
-5.2550000E-01,1.2718200E+01
-5.2500000E-01,1.2767200E+01
-5.2450000E-01,1.2612600E+01
-5.2400000E-01,1.2664100E+01
-5.2350000E-01,1.2741700E+01
-5.2300000E-01,1.2786700E+01
-5.2250000E-01,1.2615400E+01
-5.2200000E-01,1.2739800E+01
-5.2150000E-01,1.2646500E+01
-5.2100000E-01,1.2771700E+01
-5.2050000E-01,1.2717700E+01
-5.2000000E-01,1.2848900E+01
-5.1950000E-01,1.2792200E+01
-5.1900000E-01,1.2749400E+01
-5.1850000E-01,1.2736300E+01
-5.1800000E-01,1.2561000E+01
-5.1750000E-01,1.2518700E+01
-5.1700000E-01,1.2674700E+01
-5.1650000E-01,1.2773400E+01
-5.1600000E-01,1.2607800E+01
-5.1550000E-01,1.2843000E+01
-5.1500000E-01,1.2650100E+01
-5.1450000E-01,1.2817300E+01
-5.1400000E-01,1.2934000E+01
-5.1350000E-01,1.3068800E+01
-5.1300000E-01,1.3030100E+01
-5.1250000E-01,1.3108000E+01
-5.1200000E-01,1.3137600E+01
-5.1150000E-01,1.3042400E+01
-5.1100000E-01,1.3064700E+01
-5.1050000E-01,1.3280100E+01
-5.1000000E-01,1.3156800E+01
-5.0950000E-01,1.3268700E+01
-5.0900000E-01,1.3154700E+01
-5.0850000E-01,1.3137700E+01
-5.0800000E-01,1.3109700E+01
-5.0750000E-01,1.3297000E+01
-5.0700000E-01,1.3116500E+01
-5.0650000E-01,1.3055400E+01
-5.0600000E-01,1.3323800E+01
-5.0550000E-01,1.3198000E+01
-5.0500000E-01,1.3142100E+01
-5.0450000E-01,1.3049700E+01
-5.0400000E-01,1.3132200E+01
-5.0350000E-01,1.3196300E+01
-5.0300000E-01,1.3178100E+01
-5.0250000E-01,1.3289900E+01
-5.0200000E-01,1.3251300E+01
-5.0150000E-01,1.3041100E+01
-5.0100000E-01,1.3142100E+01
-5.0050000E-01,1.3130200E+01
-5.0000000E-01,1.3135900E+01
-4.9950000E-01,1.3159000E+01
-4.9900000E-01,1.3288400E+01
-4.9850000E-01,1.3001500E+01
-4.9800000E-01,1.3218900E+01
-4.9750000E-01,1.3185100E+01
-4.9700000E-01,1.3147900E+01
-4.9650000E-01,1.3101000E+01
-4.9600000E-01,1.3043900E+01
-4.9550000E-01,1.3130200E+01
-4.9500000E-01,1.2968100E+01
-4.9450000E-01,1.3126400E+01
-4.9400000E-01,1.3211400E+01
-4.9350000E-01,1.3104100E+01
-4.9300000E-01,1.3479300E+01
-4.9250000E-01,1.3479200E+01
-4.9200000E-01,1.3527700E+01
-4.9150000E-01,1.3470500E+01
-4.9100000E-01,1.3532700E+01
-4.9050000E-01,1.3613900E+01
-4.9000000E-01,1.3642000E+01
-4.8950000E-01,1.3332800E+01
-4.8900000E-01,1.3592200E+01
-4.8850000E-01,1.3600900E+01
-4.8800000E-01,1.3479700E+01
-4.8750000E-01,1.3488800E+01
-4.8700000E-01,1.3462400E+01
-4.8650000E-01,1.3367100E+01
-4.8600000E-01,1.3684000E+01
-4.8550000E-01,1.3508900E+01
-4.8500000E-01,1.3411600E+01
-4.8450000E-01,1.3657800E+01
-4.8400000E-01,1.3542200E+01
-4.8350000E-01,1.3555100E+01
-4.8300000E-01,1.3638400E+01
-4.8250000E-01,1.3532400E+01
-4.8200000E-01,1.3542800E+01
-4.8150000E-01,1.3424400E+01
-4.8100000E-01,1.3519800E+01
-4.8050000E-01,1.3484700E+01
-4.8000000E-01,1.3518100E+01
-4.7950000E-01,1.3643800E+01
-4.7900000E-01,1.3578500E+01
-4.7850000E-01,1.3606400E+01
-4.7800000E-01,1.3566900E+01
-4.7750000E-01,1.3404700E+01
-4.7700000E-01,1.3418000E+01
-4.7650000E-01,1.3627700E+01
-4.7600000E-01,1.3588500E+01
-4.7550000E-01,1.3421300E+01
-4.7500000E-01,1.3460000E+01
-4.7450000E-01,1.3475800E+01
-4.7400000E-01,1.3566400E+01
-4.7350000E-01,1.3635100E+01
-4.7300000E-01,1.3693900E+01
-4.7250000E-01,1.3694000E+01
-4.7200000E-01,1.3673200E+01
-4.7150000E-01,1.3735200E+01
-4.7100000E-01,1.3775600E+01
-4.7050000E-01,1.3743200E+01
-4.7000000E-01,1.3794400E+01
-4.6950000E-01,1.3797400E+01
-4.6900000E-01,1.3752900E+01
-4.6850000E-01,1.3827700E+01
-4.6800000E-01,1.3980400E+01
-4.6750000E-01,1.3769000E+01
-4.6700000E-01,1.3798300E+01
-4.6650000E-01,1.3732900E+01
-4.6600000E-01,1.3927700E+01
-4.6550000E-01,1.3739200E+01
-4.6500000E-01,1.3874300E+01
-4.6450000E-01,1.3639600E+01
-4.6400000E-01,1.3810200E+01
-4.6350000E-01,1.3795200E+01
-4.6300000E-01,1.3753100E+01
-4.6250000E-01,1.3714500E+01
-4.6200000E-01,1.3709800E+01
-4.6150000E-01,1.3783400E+01
-4.6100000E-01,1.3844400E+01
-4.6050000E-01,1.3800200E+01
-4.6000000E-01,1.3860900E+01
-4.5950000E-01,1.3704700E+01
-4.5900000E-01,1.3758700E+01
-4.5850000E-01,1.3775900E+01
-4.5800000E-01,1.3619500E+01
-4.5750000E-01,1.3814700E+01
-4.5700000E-01,1.3799900E+01
-4.5650000E-01,1.3889000E+01
-4.5600000E-01,1.3798900E+01
-4.5550000E-01,1.3830500E+01
-4.5500000E-01,1.3824500E+01
-4.5450000E-01,1.3693400E+01
-4.5400000E-01,1.3808200E+01
-4.5350000E-01,1.3715700E+01
-4.5300000E-01,1.3924800E+01
-4.5250000E-01,1.3894000E+01
-4.5200000E-01,1.4019000E+01
-4.5150000E-01,1.3731600E+01
-4.5100000E-01,1.3957500E+01
-4.5050000E-01,1.3986900E+01
-4.5000000E-01,1.3977800E+01
-4.4950000E-01,1.4124900E+01
-4.4900000E-01,1.4143900E+01
-4.4850000E-01,1.4221500E+01
-4.4800000E-01,1.4384300E+01
-4.4750000E-01,1.4126700E+01
-4.4700000E-01,1.4372300E+01
-4.4650000E-01,1.4155200E+01
-4.4600000E-01,1.4230000E+01
-4.4550000E-01,1.4218100E+01
-4.4500000E-01,1.4057800E+01
-4.4450000E-01,1.4065200E+01
-4.4400000E-01,1.4061200E+01
-4.4350000E-01,1.4180100E+01
-4.4300000E-01,1.4145900E+01
-4.4250000E-01,1.4215400E+01
-4.4200000E-01,1.4209200E+01
-4.4150000E-01,1.4204800E+01
-4.4100000E-01,1.4149400E+01
-4.4050000E-01,1.4246000E+01
-4.4000000E-01,1.4069300E+01
-4.3950000E-01,1.4117200E+01
-4.3900000E-01,1.4016300E+01
-4.3850000E-01,1.4112000E+01
-4.3800000E-01,1.3913200E+01
-4.3750000E-01,1.4226200E+01
-4.3700000E-01,1.4067200E+01
-4.3650000E-01,1.4021000E+01
-4.3600000E-01,1.4119300E+01
-4.3550000E-01,1.3927700E+01
-4.3500000E-01,1.4195900E+01
-4.3450000E-01,1.4098500E+01
-4.3400000E-01,1.4105700E+01
-4.3350000E-01,1.4059500E+01
-4.3300000E-01,1.4133800E+01
-4.3250000E-01,1.4114800E+01
-4.3200000E-01,1.4191600E+01
-4.3150000E-01,1.4104500E+01
-4.3100000E-01,1.4139300E+01
-4.3050000E-01,1.3996800E+01
-4.3000000E-01,1.4160200E+01
-4.2950000E-01,1.4131200E+01
-4.2900000E-01,1.4255500E+01
-4.2850000E-01,1.4391100E+01
-4.2800000E-01,1.4404200E+01
-4.2750000E-01,1.4316200E+01
-4.2700000E-01,1.4389600E+01
-4.2650000E-01,1.4372000E+01
-4.2600000E-01,1.4355800E+01
-4.2550000E-01,1.4466700E+01
-4.2500000E-01,1.4503000E+01
-4.2450000E-01,1.4641500E+01
-4.2400000E-01,1.4453900E+01
-4.2350000E-01,1.4350100E+01
-4.2300000E-01,1.4462500E+01
-4.2250000E-01,1.4487400E+01
-4.2200000E-01,1.4522000E+01
-4.2150000E-01,1.4254100E+01
-4.2100000E-01,1.4275100E+01
-4.2050000E-01,1.4188500E+01
-4.2000000E-01,1.4312800E+01
-4.1950000E-01,1.4386900E+01
-4.1900000E-01,1.4251100E+01
-4.1850000E-01,1.4363600E+01
-4.1800000E-01,1.4234400E+01
-4.1750000E-01,1.4290700E+01
-4.1700000E-01,1.4275300E+01
-4.1650000E-01,1.4338200E+01
-4.1600000E-01,1.4440100E+01
-4.1550000E-01,1.4325800E+01
-4.1500000E-01,1.4402700E+01
-4.1450000E-01,1.4348300E+01
-4.1400000E-01,1.4247800E+01
-4.1350000E-01,1.4308400E+01
-4.1300000E-01,1.4369200E+01
-4.1250000E-01,1.4281600E+01
-4.1200000E-01,1.4211900E+01
-4.1150000E-01,1.4215200E+01
-4.1100000E-01,1.4276900E+01
-4.1050000E-01,1.4151900E+01
-4.1000000E-01,1.4329800E+01
-4.0950000E-01,1.4378300E+01
-4.0900000E-01,1.4377000E+01
-4.0850000E-01,1.4263800E+01
-4.0800000E-01,1.4462000E+01
-4.0750000E-01,1.4414900E+01
-4.0700000E-01,1.4539400E+01
-4.0650000E-01,1.4494700E+01
-4.0600000E-01,1.4609000E+01
-4.0550000E-01,1.4733100E+01
-4.0500000E-01,1.4638700E+01
-4.0450000E-01,1.4580400E+01
-4.0400000E-01,1.4748300E+01
-4.0350000E-01,1.4846800E+01
-4.0300000E-01,1.4531200E+01
-4.0250000E-01,1.4627900E+01
-4.0200000E-01,1.4404600E+01
-4.0150000E-01,1.4599300E+01
-4.0100000E-01,1.4651000E+01
-4.0050000E-01,1.4690000E+01
-4.0000000E-01,1.4699800E+01
-3.9950000E-01,1.4663200E+01
-3.9900000E-01,1.4571300E+01
-3.9850000E-01,1.4547000E+01
-3.9800000E-01,1.4345300E+01
-3.9750000E-01,1.4584400E+01
-3.9700000E-01,1.4565300E+01
-3.9650000E-01,1.4565600E+01
-3.9600000E-01,1.4456400E+01
-3.9550000E-01,1.4585000E+01
-3.9500000E-01,1.4498800E+01
-3.9450000E-01,1.4487200E+01
-3.9400000E-01,1.4513200E+01
-3.9350000E-01,1.4513700E+01
-3.9300000E-01,1.4513800E+01
-3.9250000E-01,1.4402100E+01
-3.9200000E-01,1.4371900E+01
-3.9150000E-01,1.4504200E+01
-3.9100000E-01,1.4447600E+01
-3.9050000E-01,1.4701700E+01
-3.9000000E-01,1.4615500E+01
-3.8950000E-01,1.4486300E+01
-3.8900000E-01,1.4623200E+01
-3.8850000E-01,1.4395300E+01
-3.8800000E-01,1.4503500E+01
-3.8750000E-01,1.4715900E+01
-3.8700000E-01,1.4756900E+01
-3.8650000E-01,1.4758700E+01
-3.8600000E-01,1.4741800E+01
-3.8550000E-01,1.4746500E+01
-3.8500000E-01,1.4922300E+01
-3.8450000E-01,1.4818800E+01
-3.8400000E-01,1.4869800E+01
-3.8350000E-01,1.4755100E+01
-3.8300000E-01,1.4855700E+01
-3.8250000E-01,1.4675100E+01
-3.8200000E-01,1.4792700E+01
-3.8150000E-01,1.4758800E+01
-3.8100000E-01,1.4761400E+01
-3.8050000E-01,1.4743500E+01
-3.8000000E-01,1.4656800E+01
-3.7950000E-01,1.4690200E+01
-3.7900000E-01,1.4854900E+01
-3.7850000E-01,1.4716000E+01
-3.7800000E-01,1.4755800E+01
-3.7750000E-01,1.4721100E+01
-3.7700000E-01,1.4462100E+01
-3.7650000E-01,1.4701900E+01
-3.7600000E-01,1.4724200E+01
-3.7550000E-01,1.4749700E+01
-3.7500000E-01,1.4759100E+01
-3.7450000E-01,1.4658800E+01
-3.7400000E-01,1.4678000E+01
-3.7350000E-01,1.4644500E+01
-3.7300000E-01,1.4604400E+01
-3.7250000E-01,1.4650000E+01
-3.7200000E-01,1.4807100E+01
-3.7150000E-01,1.4826500E+01
-3.7100000E-01,1.4810000E+01
-3.7050000E-01,1.4739900E+01
-3.7000000E-01,1.4774000E+01
-3.6950000E-01,1.4630800E+01
-3.6900000E-01,1.4879700E+01
-3.6850000E-01,1.4649800E+01
-3.6800000E-01,1.4742700E+01
-3.6750000E-01,1.4841200E+01
-3.6700000E-01,1.4739400E+01
-3.6650000E-01,1.4558700E+01
-3.6600000E-01,1.4674500E+01
-3.6550000E-01,1.4730700E+01
-3.6500000E-01,1.4945500E+01
-3.6450000E-01,1.4930400E+01
-3.6400000E-01,1.5016700E+01
-3.6350000E-01,1.5003300E+01
-3.6300000E-01,1.5155400E+01
-3.6250000E-01,1.4930400E+01
-3.6200000E-01,1.4969800E+01
-3.6150000E-01,1.4958600E+01
-3.6100000E-01,1.5083200E+01
-3.6050000E-01,1.4858100E+01
-3.6000000E-01,1.4899100E+01
-3.5950000E-01,1.4880800E+01
-3.5900000E-01,1.5030400E+01
-3.5850000E-01,1.4916400E+01
-3.5800000E-01,1.4880800E+01
-3.5750000E-01,1.4927800E+01
-3.5700000E-01,1.4932800E+01
-3.5650000E-01,1.4868000E+01
-3.5600000E-01,1.4809100E+01
-3.5550000E-01,1.4759900E+01
-3.5500000E-01,1.4787700E+01
-3.5450000E-01,1.4870500E+01
-3.5400000E-01,1.4868800E+01
-3.5350000E-01,1.4827900E+01
-3.5300000E-01,1.4852500E+01
-3.5250000E-01,1.4887800E+01
-3.5200000E-01,1.4889700E+01
-3.5150000E-01,1.4860400E+01
-3.5100000E-01,1.4912600E+01
-3.5050000E-01,1.4835100E+01
-3.5000000E-01,1.4761000E+01
-3.4950000E-01,1.4758100E+01
-3.4900000E-01,1.4912400E+01
-3.4850000E-01,1.4928400E+01
-3.4800000E-01,1.4788700E+01
-3.4750000E-01,1.4853900E+01
-3.4700000E-01,1.4778200E+01
-3.4650000E-01,1.4861400E+01
-3.4600000E-01,1.4982600E+01
-3.4550000E-01,1.5085900E+01
-3.4500000E-01,1.5145300E+01
-3.4450000E-01,1.5279800E+01
-3.4400000E-01,1.4932500E+01
-3.4350000E-01,1.5147500E+01
-3.4300000E-01,1.5102500E+01
-3.4250000E-01,1.5267600E+01
-3.4200000E-01,1.5110900E+01
-3.4150000E-01,1.5186100E+01
-3.4100000E-01,1.5182000E+01
-3.4050000E-01,1.5248700E+01
-3.4000000E-01,1.5135900E+01
-3.3950000E-01,1.5215900E+01
-3.3900000E-01,1.5214200E+01
-3.3850000E-01,1.5180900E+01
-3.3800000E-01,1.5149500E+01
-3.3750000E-01,1.5171500E+01
-3.3700000E-01,1.5018800E+01
-3.3650000E-01,1.5011900E+01
-3.3600000E-01,1.5147500E+01
-3.3550000E-01,1.5199100E+01
-3.3500000E-01,1.5221900E+01
-3.3450000E-01,1.5352800E+01
-3.3400000E-01,1.5061800E+01
-3.3350000E-01,1.5142400E+01
-3.3300000E-01,1.5174300E+01
-3.3250000E-01,1.5139600E+01
-3.3200000E-01,1.5069700E+01
-3.3150000E-01,1.5103600E+01
-3.3100000E-01,1.5124500E+01
-3.3050000E-01,1.4750200E+01
-3.3000000E-01,1.4958000E+01
-3.2950000E-01,1.5232600E+01
-3.2900000E-01,1.5063000E+01
-3.2850000E-01,1.5104300E+01
-3.2800000E-01,1.5052800E+01
-3.2750000E-01,1.5071000E+01
-3.2700000E-01,1.4910300E+01
-3.2650000E-01,1.4919600E+01
-3.2600000E-01,1.5029600E+01
-3.2550000E-01,1.4997600E+01
-3.2500000E-01,1.5010300E+01
-3.2450000E-01,1.5104800E+01
-3.2400000E-01,1.5241200E+01
-3.2350000E-01,1.5219300E+01
-3.2300000E-01,1.5273900E+01
-3.2250000E-01,1.5200400E+01
-3.2200000E-01,1.5266300E+01
-3.2150000E-01,1.5538300E+01
-3.2100000E-01,1.5471200E+01
-3.2050000E-01,1.5249300E+01
-3.2000000E-01,1.5314900E+01
-3.1950000E-01,1.5206500E+01
-3.1900000E-01,1.5457500E+01
-3.1850000E-01,1.5312500E+01
-3.1800000E-01,1.5550400E+01
-3.1750000E-01,1.5331300E+01
-3.1700000E-01,1.5404200E+01
-3.1650000E-01,1.5387600E+01
-3.1600000E-01,1.5289300E+01
-3.1550000E-01,1.5398800E+01
-3.1500000E-01,1.5385800E+01
-3.1450000E-01,1.5347700E+01
-3.1400000E-01,1.5638800E+01
-3.1350000E-01,1.5573200E+01
-3.1300000E-01,1.5715700E+01
-3.1250000E-01,1.5622000E+01
-3.1200000E-01,1.5418400E+01
-3.1150000E-01,1.5189800E+01
-3.1100000E-01,1.5403400E+01
-3.1050000E-01,1.5369500E+01
-3.1000000E-01,1.5345600E+01
-3.0950000E-01,1.5323300E+01
-3.0900000E-01,1.5179900E+01
-3.0850000E-01,1.5109600E+01
-3.0800000E-01,1.5326600E+01
-3.0750000E-01,1.5324700E+01
-3.0700000E-01,1.5070700E+01
-3.0650000E-01,1.5327900E+01
-3.0600000E-01,1.5338100E+01
-3.0550000E-01,1.5204600E+01
-3.0500000E-01,1.5233200E+01
-3.0450000E-01,1.5245400E+01
-3.0400000E-01,1.5290200E+01
-3.0350000E-01,1.5503600E+01
-3.0300000E-01,1.5382600E+01
-3.0250000E-01,1.5681100E+01
-3.0200000E-01,1.5608900E+01
-3.0150000E-01,1.5760000E+01
-3.0100000E-01,1.5600000E+01
-3.0050000E-01,1.5598400E+01
-3.0000000E-01,1.5700200E+01
-2.9950000E-01,1.5847900E+01
-2.9900000E-01,1.5473600E+01
-2.9850000E-01,1.5452300E+01
-2.9800000E-01,1.5977200E+01
-2.9750000E-01,1.5950800E+01
-2.9700000E-01,1.5684100E+01
-2.9650000E-01,1.5849400E+01
-2.9600000E-01,1.5694300E+01
-2.9550000E-01,1.5735900E+01
-2.9500000E-01,1.5554500E+01
-2.9450000E-01,1.5429200E+01
-2.9400000E-01,1.5502700E+01
-2.9350000E-01,1.5704900E+01
-2.9300000E-01,1.5624000E+01
-2.9250000E-01,1.5542300E+01
-2.9200000E-01,1.5656200E+01
-2.9150000E-01,1.5385100E+01
-2.9100000E-01,1.5645000E+01
-2.9050000E-01,1.5586400E+01
-2.9000000E-01,1.5674000E+01
-2.8950000E-01,1.5645100E+01
-2.8900000E-01,1.5351400E+01
-2.8850000E-01,1.5692400E+01
-2.8800000E-01,1.5421800E+01
-2.8750000E-01,1.5633900E+01
-2.8700000E-01,1.5502800E+01
-2.8650000E-01,1.5613400E+01
-2.8600000E-01,1.5625600E+01
-2.8550000E-01,1.5540700E+01
-2.8500000E-01,1.5651800E+01
-2.8450000E-01,1.5476200E+01
-2.8400000E-01,1.5682600E+01
-2.8350000E-01,1.5573900E+01
-2.8300000E-01,1.5756600E+01
-2.8250000E-01,1.5676500E+01
-2.8200000E-01,1.5663000E+01
-2.8150000E-01,1.5856800E+01
-2.8100000E-01,1.5797000E+01
-2.8050000E-01,1.5824900E+01
-2.8000000E-01,1.6028100E+01
-2.7950000E-01,1.5942400E+01
-2.7900000E-01,1.6057700E+01
-2.7850000E-01,1.5906600E+01
-2.7800000E-01,1.5964200E+01
-2.7750000E-01,1.6080800E+01
-2.7700000E-01,1.6078900E+01
-2.7650000E-01,1.5923300E+01
-2.7600000E-01,1.5926100E+01
-2.7550000E-01,1.5955900E+01
-2.7500000E-01,1.5880300E+01
-2.7450000E-01,1.5911700E+01
-2.7400000E-01,1.5994900E+01
-2.7350000E-01,1.5888700E+01
-2.7300000E-01,1.6046500E+01
-2.7250000E-01,1.6022900E+01
-2.7200000E-01,1.5981800E+01
-2.7150000E-01,1.5824900E+01
-2.7100000E-01,1.6047600E+01
-2.7050000E-01,1.5908400E+01
-2.7000000E-01,1.5859500E+01
-2.6950000E-01,1.5915900E+01
-2.6900000E-01,1.5835100E+01
-2.6850000E-01,1.5837500E+01
-2.6800000E-01,1.6087100E+01
-2.6750000E-01,1.5871200E+01
-2.6700000E-01,1.5930800E+01
-2.6650000E-01,1.5930300E+01
-2.6600000E-01,1.6023500E+01
-2.6550000E-01,1.5916900E+01
-2.6500000E-01,1.5888100E+01
-2.6450000E-01,1.5955000E+01
-2.6400000E-01,1.5921800E+01
-2.6350000E-01,1.6017800E+01
-2.6300000E-01,1.5918200E+01
-2.6250000E-01,1.5971800E+01
-2.6200000E-01,1.6092700E+01
-2.6150000E-01,1.5877800E+01
-2.6100000E-01,1.6194400E+01
-2.6050000E-01,1.6178000E+01
-2.6000000E-01,1.6303000E+01
-2.5950000E-01,1.6201300E+01
-2.5900000E-01,1.6220600E+01
-2.5850000E-01,1.6174500E+01
-2.5800000E-01,1.6274800E+01
-2.5750000E-01,1.6237300E+01
-2.5700000E-01,1.6416900E+01
-2.5650000E-01,1.6332200E+01
-2.5600000E-01,1.6295400E+01
-2.5550000E-01,1.6274800E+01
-2.5500000E-01,1.6214200E+01
-2.5450000E-01,1.6138900E+01
-2.5400000E-01,1.6189800E+01
-2.5350000E-01,1.6236500E+01
-2.5300000E-01,1.6348200E+01
-2.5250000E-01,1.6175200E+01
-2.5200000E-01,1.6131600E+01
-2.5150000E-01,1.6350700E+01
-2.5100000E-01,1.6091300E+01
-2.5050000E-01,1.6209100E+01
-2.5000000E-01,1.6291600E+01
-2.4950000E-01,1.6284400E+01
-2.4900000E-01,1.6331900E+01
-2.4850000E-01,1.6167100E+01
-2.4800000E-01,1.6274900E+01
-2.4750000E-01,1.6061900E+01
-2.4700000E-01,1.6197900E+01
-2.4650000E-01,1.6136300E+01
-2.4600000E-01,1.6159500E+01
-2.4550000E-01,1.6345100E+01
-2.4500000E-01,1.6107000E+01
-2.4450000E-01,1.6137400E+01
-2.4400000E-01,1.6108600E+01
-2.4350000E-01,1.6207600E+01
-2.4300000E-01,1.6068700E+01
-2.4250000E-01,1.6296200E+01
-2.4200000E-01,1.6188800E+01
-2.4150000E-01,1.6030900E+01
-2.4100000E-01,1.6293700E+01
-2.4050000E-01,1.6247700E+01
-2.4000000E-01,1.6318200E+01
-2.3950000E-01,1.6399100E+01
-2.3900000E-01,1.6556400E+01
-2.3850000E-01,1.6439400E+01
-2.3800000E-01,1.6660600E+01
-2.3750000E-01,1.6533400E+01
-2.3700000E-01,1.6501700E+01
-2.3650000E-01,1.6649100E+01
-2.3600000E-01,1.6550100E+01
-2.3550000E-01,1.6546500E+01
-2.3500000E-01,1.6620200E+01
-2.3450000E-01,1.6607100E+01
-2.3400000E-01,1.6608900E+01
-2.3350000E-01,1.6373300E+01
-2.3300000E-01,1.6696200E+01
-2.3250000E-01,1.6569300E+01
-2.3200000E-01,1.6571800E+01
-2.3150000E-01,1.6462300E+01
-2.3100000E-01,1.6644900E+01
-2.3050000E-01,1.6519500E+01
-2.3000000E-01,1.6541700E+01
-2.2950000E-01,1.6562900E+01
-2.2900000E-01,1.6512700E+01
-2.2850000E-01,1.6540500E+01
-2.2800000E-01,1.6608400E+01
-2.2750000E-01,1.6432500E+01
-2.2700000E-01,1.6487200E+01
-2.2650000E-01,1.6326700E+01
-2.2600000E-01,1.6585400E+01
-2.2550000E-01,1.6473700E+01
-2.2500000E-01,1.6526200E+01
-2.2450000E-01,1.6488600E+01
-2.2400000E-01,1.6381200E+01
-2.2350000E-01,1.6423600E+01
-2.2300000E-01,1.6416400E+01
-2.2250000E-01,1.6411500E+01
-2.2200000E-01,1.6455900E+01
-2.2150000E-01,1.6473100E+01
-2.2100000E-01,1.6540300E+01
-2.2050000E-01,1.6339600E+01
-2.2000000E-01,1.6491900E+01
-2.1950000E-01,1.6570000E+01
-2.1900000E-01,1.6531000E+01
-2.1850000E-01,1.6675000E+01
-2.1800000E-01,1.6713900E+01
-2.1750000E-01,1.6713300E+01
-2.1700000E-01,1.6799600E+01
-2.1650000E-01,1.6863800E+01
-2.1600000E-01,1.6546600E+01
-2.1550000E-01,1.6900400E+01
-2.1500000E-01,1.6899700E+01
-2.1450000E-01,1.6708000E+01
-2.1400000E-01,1.6969900E+01
-2.1350000E-01,1.6784400E+01
-2.1300000E-01,1.6840200E+01
-2.1250000E-01,1.6841200E+01
-2.1200000E-01,1.6829400E+01
-2.1150000E-01,1.6677700E+01
-2.1100000E-01,1.6943400E+01
-2.1050000E-01,1.6715200E+01
-2.1000000E-01,1.6914700E+01
-2.0950000E-01,1.6753000E+01
-2.0900000E-01,1.6837700E+01
-2.0850000E-01,1.6734100E+01
-2.0800000E-01,1.6751700E+01
-2.0750000E-01,1.6816000E+01
-2.0700000E-01,1.6858000E+01
-2.0650000E-01,1.6819900E+01
-2.0600000E-01,1.6802600E+01
-2.0550000E-01,1.6917700E+01
-2.0500000E-01,1.6741400E+01
-2.0450000E-01,1.6930100E+01
-2.0400000E-01,1.6776700E+01
-2.0350000E-01,1.6941200E+01
-2.0300000E-01,1.6715300E+01
-2.0250000E-01,1.6837200E+01
-2.0200000E-01,1.6903800E+01
-2.0150000E-01,1.6800100E+01
-2.0100000E-01,1.6752400E+01
-2.0050000E-01,1.6895400E+01
-2.0000000E-01,1.6894800E+01
-1.9950000E-01,1.6884500E+01
-1.9900000E-01,1.6939200E+01
-1.9850000E-01,1.6848300E+01
-1.9800000E-01,1.7057500E+01
-1.9750000E-01,1.7074200E+01
-1.9700000E-01,1.7078100E+01
-1.9650000E-01,1.7185600E+01
-1.9600000E-01,1.7077000E+01
-1.9550000E-01,1.7124200E+01
-1.9500000E-01,1.7231700E+01
-1.9450000E-01,1.7141600E+01
-1.9400000E-01,1.7430400E+01
-1.9350000E-01,1.7054100E+01
-1.9300000E-01,1.7198100E+01
-1.9250000E-01,1.7203900E+01
-1.9200000E-01,1.7188100E+01
-1.9150000E-01,1.7162000E+01
-1.9100000E-01,1.7169200E+01
-1.9050000E-01,1.7362400E+01
-1.9000000E-01,1.7154400E+01
-1.8950000E-01,1.7185600E+01
-1.8900000E-01,1.7081500E+01
-1.8850000E-01,1.7124900E+01
-1.8800000E-01,1.7239200E+01
-1.8750000E-01,1.7279300E+01
-1.8700000E-01,1.7073000E+01
-1.8650000E-01,1.7075500E+01
-1.8600000E-01,1.7118500E+01
-1.8550000E-01,1.7122100E+01
-1.8500000E-01,1.7042000E+01
-1.8450000E-01,1.7231200E+01
-1.8400000E-01,1.7085100E+01
-1.8350000E-01,1.7083500E+01
-1.8300000E-01,1.7105900E+01
-1.8250000E-01,1.7161700E+01
-1.8200000E-01,1.7071300E+01
-1.8150000E-01,1.7109500E+01
-1.8100000E-01,1.7111000E+01
-1.8050000E-01,1.7237300E+01
-1.8000000E-01,1.7142100E+01
-1.7950000E-01,1.7159400E+01
-1.7900000E-01,1.7118800E+01
-1.7850000E-01,1.7203800E+01
-1.7800000E-01,1.7119100E+01
-1.7750000E-01,1.7240000E+01
-1.7700000E-01,1.7182100E+01
-1.7650000E-01,1.7437200E+01
-1.7600000E-01,1.7435100E+01
-1.7550000E-01,1.7427400E+01
-1.7500000E-01,1.7585700E+01
-1.7450000E-01,1.7356800E+01
-1.7400000E-01,1.7499300E+01
-1.7350000E-01,1.7449400E+01
-1.7300000E-01,1.7579400E+01
-1.7250000E-01,1.7487000E+01
-1.7200000E-01,1.7627700E+01
-1.7150000E-01,1.7452800E+01
-1.7100000E-01,1.7605100E+01
-1.7050000E-01,1.7437000E+01
-1.7000000E-01,1.7578700E+01
-1.6950000E-01,1.7402700E+01
-1.6900000E-01,1.7545600E+01
-1.6850000E-01,1.7383400E+01
-1.6800000E-01,1.7533300E+01
-1.6750000E-01,1.7486900E+01
-1.6700000E-01,1.7525300E+01
-1.6650000E-01,1.7716100E+01
-1.6600000E-01,1.7455000E+01
-1.6550000E-01,1.7618300E+01
-1.6500000E-01,1.7403100E+01
-1.6450000E-01,1.7567600E+01
-1.6400000E-01,1.7484000E+01
-1.6350000E-01,1.7654500E+01
-1.6300000E-01,1.7410000E+01
-1.6250000E-01,1.7629000E+01
-1.6200000E-01,1.7565200E+01
-1.6150000E-01,1.7562500E+01
-1.6100000E-01,1.7411900E+01
-1.6050000E-01,1.7623900E+01
-1.6000000E-01,1.7450900E+01
-1.5950000E-01,1.7611000E+01
-1.5900000E-01,1.7621200E+01
-1.5850000E-01,1.7590500E+01
-1.5800000E-01,1.7385300E+01
-1.5750000E-01,1.7589200E+01
-1.5700000E-01,1.7672400E+01
-1.5650000E-01,1.7668200E+01
-1.5600000E-01,1.7769000E+01
-1.5550000E-01,1.7731800E+01
-1.5500000E-01,1.7836100E+01
-1.5450000E-01,1.7758600E+01
-1.5400000E-01,1.7851100E+01
-1.5350000E-01,1.7982000E+01
-1.5300000E-01,1.7811600E+01
-1.5250000E-01,1.8055400E+01
-1.5200000E-01,1.7850300E+01
-1.5150000E-01,1.7979800E+01
-1.5100000E-01,1.8030900E+01
-1.5050000E-01,1.7952700E+01
-1.5000000E-01,1.7938800E+01
-1.4950000E-01,1.7854000E+01
-1.4900000E-01,1.8108100E+01
-1.4850000E-01,1.7762100E+01
-1.4800000E-01,1.8046400E+01
-1.4750000E-01,1.7790200E+01
-1.4700000E-01,1.7988900E+01
-1.4650000E-01,1.7847200E+01
-1.4600000E-01,1.7899000E+01
-1.4550000E-01,1.8036700E+01
-1.4500000E-01,1.7963700E+01
-1.4450000E-01,1.7950500E+01
-1.4400000E-01,1.7924900E+01
-1.4350000E-01,1.7926500E+01
-1.4300000E-01,1.7972900E+01
-1.4250000E-01,1.7975300E+01
-1.4200000E-01,1.8056700E+01
-1.4150000E-01,1.7904000E+01
-1.4100000E-01,1.7939000E+01
-1.4050000E-01,1.7982500E+01
-1.4000000E-01,1.7955900E+01
-1.3950000E-01,1.7897500E+01
-1.3900000E-01,1.7974100E+01
-1.3850000E-01,1.8038600E+01
-1.3800000E-01,1.7972900E+01
-1.3750000E-01,1.7971700E+01
-1.3700000E-01,1.8103600E+01
-1.3650000E-01,1.7935400E+01
-1.3600000E-01,1.8174800E+01
-1.3550000E-01,1.8231900E+01
-1.3500000E-01,1.8124700E+01
-1.3450000E-01,1.8269000E+01
-1.3400000E-01,1.8215100E+01
-1.3350000E-01,1.8366000E+01
-1.3300000E-01,1.8398300E+01
-1.3250000E-01,1.8424000E+01
-1.3200000E-01,1.8324400E+01
-1.3150000E-01,1.8421300E+01
-1.3100000E-01,1.8584100E+01
-1.3050000E-01,1.8488300E+01
-1.3000000E-01,1.8645300E+01
-1.2950000E-01,1.8483200E+01
-1.2900000E-01,1.8514900E+01
-1.2850000E-01,1.8577800E+01
-1.2800000E-01,1.8438300E+01
-1.2750000E-01,1.8498400E+01
-1.2700000E-01,1.8425100E+01
-1.2650000E-01,1.8585200E+01
-1.2600000E-01,1.8464600E+01
-1.2550000E-01,1.8454800E+01
-1.2500000E-01,1.8456400E+01
-1.2450000E-01,1.8467100E+01
-1.2400000E-01,1.8509400E+01
-1.2350000E-01,1.8449500E+01
-1.2300000E-01,1.8536000E+01
-1.2250000E-01,1.8498700E+01
-1.2200000E-01,1.8473400E+01
-1.2150000E-01,1.8406000E+01
-1.2100000E-01,1.8547200E+01
-1.2050000E-01,1.8425200E+01
-1.2000000E-01,1.8462200E+01
-1.1950000E-01,1.8402100E+01
-1.1900000E-01,1.8531100E+01
-1.1850000E-01,1.8484000E+01
-1.1800000E-01,1.8535000E+01
-1.1750000E-01,1.8484100E+01
-1.1700000E-01,1.8557800E+01
-1.1650000E-01,1.8386100E+01
-1.1600000E-01,1.8648000E+01
-1.1550000E-01,1.8514900E+01
-1.1500000E-01,1.8739700E+01
-1.1450000E-01,1.8539500E+01
-1.1400000E-01,1.8564800E+01
-1.1350000E-01,1.8660000E+01
-1.1300000E-01,1.8852300E+01
-1.1250000E-01,1.8905400E+01
-1.1200000E-01,1.8902300E+01
-1.1150000E-01,1.8983100E+01
-1.1100000E-01,1.9032400E+01
-1.1050000E-01,1.8895600E+01
-1.1000000E-01,1.9065300E+01
-1.0950000E-01,1.8833100E+01
-1.0900000E-01,1.9107400E+01
-1.0850000E-01,1.9041200E+01
-1.0800000E-01,1.8959600E+01
-1.0750000E-01,1.8973600E+01
-1.0700000E-01,1.8931800E+01
-1.0650000E-01,1.9007200E+01
-1.0600000E-01,1.8869700E+01
-1.0550000E-01,1.8979000E+01
-1.0500000E-01,1.9221200E+01
-1.0450000E-01,1.9035500E+01
-1.0400000E-01,1.9165200E+01
-1.0350000E-01,1.9080300E+01
-1.0300000E-01,1.9036600E+01
-1.0250000E-01,1.8942200E+01
-1.0200000E-01,1.9126300E+01
-1.0150000E-01,1.8991300E+01
-1.0100000E-01,1.9092000E+01
-1.0050000E-01,1.9084900E+01
-1.0000000E-01,1.9091900E+01
-9.9500000E-02,1.9218600E+01
-9.9000000E-02,1.9296400E+01
-9.8500000E-02,1.9076200E+01
-9.8000000E-02,1.9229000E+01
-9.7500000E-02,1.9330100E+01
-9.7000000E-02,1.9142400E+01
-9.6500000E-02,1.9129500E+01
-9.6000000E-02,1.9319300E+01
-9.5500000E-02,1.9143200E+01
-9.5000000E-02,1.9231100E+01
-9.4500000E-02,1.9167700E+01
-9.4000000E-02,1.9329600E+01
-9.3500000E-02,1.9331000E+01
-9.3000000E-02,1.9307800E+01
-9.2500000E-02,1.9558200E+01
-9.2000000E-02,1.9610000E+01
-9.1500000E-02,1.9555600E+01
-9.1000000E-02,1.9764000E+01
-9.0500000E-02,1.9617300E+01
-9.0000000E-02,1.9735600E+01
-8.9500000E-02,1.9741200E+01
-8.9000000E-02,1.9721300E+01
-8.8500000E-02,1.9670200E+01
-8.8000000E-02,1.9817900E+01
-8.7500000E-02,1.9673500E+01
-8.7000000E-02,1.9792000E+01
-8.6500000E-02,1.9733900E+01
-8.6000000E-02,1.9777500E+01
-8.5500000E-02,1.9762100E+01
-8.5000000E-02,1.9748000E+01
-8.4500000E-02,1.9790600E+01
-8.4000000E-02,1.9879800E+01
-8.3500000E-02,1.9689100E+01
-8.3000000E-02,1.9679800E+01
-8.2500000E-02,1.9785100E+01
-8.2000000E-02,1.9736300E+01
-8.1500000E-02,1.9735100E+01
-8.1000000E-02,1.9808200E+01
-8.0500000E-02,1.9916500E+01
-8.0000000E-02,1.9794000E+01
-7.9500000E-02,1.9848400E+01
-7.9000000E-02,1.9796400E+01
-7.8500000E-02,1.9755000E+01
-7.8000000E-02,1.9882000E+01
-7.7500000E-02,1.9831500E+01
-7.7000000E-02,2.0019200E+01
-7.6500000E-02,1.9969400E+01
-7.6000000E-02,1.9912600E+01
-7.5500000E-02,1.9852000E+01
-7.5000000E-02,1.9959200E+01
-7.4500000E-02,1.9951400E+01
-7.4000000E-02,1.9925600E+01
-7.3500000E-02,1.9975200E+01
-7.3000000E-02,2.0032500E+01
-7.2500000E-02,2.0072600E+01
-7.2000000E-02,2.0075000E+01
-7.1500000E-02,2.0317300E+01
-7.1000000E-02,2.0238700E+01
-7.0500000E-02,2.0304800E+01
-7.0000000E-02,2.0374300E+01
-6.9500000E-02,2.0322600E+01
-6.9000000E-02,2.0411700E+01
-6.8500000E-02,2.0456000E+01
-6.8000000E-02,2.0441800E+01
-6.7500000E-02,2.0551300E+01
-6.7000000E-02,2.0557800E+01
-6.6500000E-02,2.0658500E+01
-6.6000000E-02,2.0529600E+01
-6.5500000E-02,2.0457700E+01
-6.5000000E-02,2.0636800E+01
-6.4500000E-02,2.0540100E+01
-6.4000000E-02,2.0627300E+01
-6.3500000E-02,2.0509100E+01
-6.3000000E-02,2.0600800E+01
-6.2500000E-02,2.0599200E+01
-6.2000000E-02,2.0575200E+01
-6.1500000E-02,2.0676300E+01
-6.1000000E-02,2.0715100E+01
-6.0500000E-02,2.0721200E+01
-6.0000000E-02,2.0714400E+01
-5.9500000E-02,2.0663500E+01
-5.9000000E-02,2.0812400E+01
-5.8500000E-02,2.0631500E+01
-5.8000000E-02,2.0804700E+01
-5.7500000E-02,2.0774200E+01
-5.7000000E-02,2.0813600E+01
-5.6500000E-02,2.0867100E+01
-5.6000000E-02,2.0739100E+01
-5.5500000E-02,2.0775500E+01
-5.5000000E-02,2.0731700E+01
-5.4500000E-02,2.0819500E+01
-5.4000000E-02,2.0758900E+01
-5.3500000E-02,2.0762700E+01
-5.3000000E-02,2.0862300E+01
-5.2500000E-02,2.0668500E+01
-5.2000000E-02,2.0881500E+01
-5.1500000E-02,2.0909100E+01
-5.1000000E-02,2.0816300E+01
-5.0500000E-02,2.1044000E+01
-5.0000000E-02,2.1124400E+01
-4.9500000E-02,2.1099700E+01
-4.9000000E-02,2.1200500E+01
-4.8500000E-02,2.1239700E+01
-4.8000000E-02,2.1061700E+01
-4.7500000E-02,2.1203300E+01
-4.7000000E-02,2.1494400E+01
-4.6500000E-02,2.1342800E+01
-4.6000000E-02,2.1405800E+01
-4.5500000E-02,2.1482900E+01
-4.5000000E-02,2.1490500E+01
-4.4500000E-02,2.1295700E+01
-4.4000000E-02,2.1446300E+01
-4.3500000E-02,2.1355400E+01
-4.3000000E-02,2.1487500E+01
-4.2500000E-02,2.1511000E+01
-4.2000000E-02,2.1394100E+01
-4.1500000E-02,2.1514000E+01
-4.1000000E-02,2.1542100E+01
-4.0500000E-02,2.1369300E+01
-4.0000000E-02,2.1245200E+01
-3.9500000E-02,2.1676800E+01
-3.9000000E-02,2.1637200E+01
-3.8500000E-02,2.1339800E+01
-3.8000000E-02,2.1478000E+01
-3.7500000E-02,2.1697900E+01
-3.7000000E-02,2.1785000E+01
-3.6500000E-02,2.1737900E+01
-3.6000000E-02,2.1641100E+01
-3.5500000E-02,2.1635500E+01
-3.5000000E-02,2.1456400E+01
-3.4500000E-02,2.1472400E+01
-3.4000000E-02,2.1862300E+01
-3.3500000E-02,2.1672800E+01
-3.3000000E-02,2.1618900E+01
-3.2500000E-02,2.1517400E+01
-3.2000000E-02,2.1918100E+01
-3.1500000E-02,2.1843700E+01
-3.1000000E-02,2.1648000E+01
-3.0500000E-02,2.1848200E+01
-3.0000000E-02,2.1980600E+01
-2.9500000E-02,2.1911300E+01
-2.9000000E-02,2.1869000E+01
-2.8500000E-02,2.2403500E+01
-2.8000000E-02,2.2175800E+01
-2.7500000E-02,2.2115200E+01
-2.7000000E-02,2.2126100E+01
-2.6500000E-02,2.2226900E+01
-2.6000000E-02,2.2345600E+01
-2.5500000E-02,2.2317300E+01
-2.5000000E-02,2.2309500E+01
-2.4500000E-02,2.2408900E+01
-2.4000000E-02,2.2381700E+01
-2.3500000E-02,2.2378500E+01
-2.3000000E-02,2.2351500E+01
-2.2500000E-02,2.2720400E+01
-2.2000000E-02,2.2371000E+01
-2.1500000E-02,2.2147600E+01
-2.1000000E-02,2.2321800E+01
-2.0500000E-02,2.2441400E+01
-2.0000000E-02,2.2434900E+01
-1.9500000E-02,2.2557300E+01
-1.9000000E-02,2.2460500E+01
-1.8500000E-02,2.2528200E+01
-1.8000000E-02,2.2303400E+01
-1.7500000E-02,2.2367400E+01
-1.7000000E-02,2.2325400E+01
-1.6500000E-02,2.2522700E+01
-1.6000000E-02,2.2416400E+01
-1.5500000E-02,2.2392200E+01
-1.5000000E-02,2.2545900E+01
-1.4500000E-02,2.2456500E+01
-1.4000000E-02,2.2534100E+01
-1.3500000E-02,2.2422300E+01
-1.3000000E-02,2.2543600E+01
-1.2500000E-02,2.2631600E+01
-1.2000000E-02,2.2546300E+01
-1.1500000E-02,2.2557100E+01
-1.1000000E-02,2.2479900E+01
-1.0500000E-02,2.2449000E+01
-1.0000000E-02,2.2720900E+01
-9.5000000E-03,2.2688500E+01
-9.0000000E-03,2.2663400E+01
-8.5000000E-03,2.2825900E+01
-8.0000000E-03,2.2897800E+01
-7.5000000E-03,2.2845600E+01
-7.0000000E-03,2.3090000E+01
-6.5000000E-03,2.2941000E+01
-6.0000000E-03,2.3080100E+01
-5.5000000E-03,2.3009700E+01
-5.0000000E-03,2.3143800E+01
-4.5000000E-03,2.3064900E+01
-4.0000000E-03,2.3140300E+01
-3.5000000E-03,2.3208900E+01
-3.0000000E-03,2.3138600E+01
-2.5000000E-03,2.3142600E+01
-2.0000000E-03,2.3293500E+01
-1.5000000E-03,2.3271600E+01
-1.0000000E-03,2.3111400E+01
-5.0000000E-04,2.3162200E+01
0.0000000E+00,2.3222900E+01
5.0000000E-04,2.3224300E+01
1.0000000E-03,2.3225600E+01
1.5000000E-03,2.3318400E+01
2.0000000E-03,2.3287000E+01
2.5000000E-03,2.3227300E+01
3.0000000E-03,2.3312900E+01
3.5000000E-03,2.3268500E+01
4.0000000E-03,2.3229300E+01
4.5000000E-03,2.3104000E+01
5.0000000E-03,2.3347400E+01
5.5000000E-03,2.3310800E+01
6.0000000E-03,2.3193400E+01
6.5000000E-03,2.3400400E+01
7.0000000E-03,2.3378300E+01
7.5000000E-03,2.3357600E+01
8.0000000E-03,2.3442300E+01
8.5000000E-03,2.3417200E+01
9.0000000E-03,2.3303000E+01
9.5000000E-03,2.3440600E+01
1.0000000E-02,2.3395600E+01
1.0500000E-02,2.3354600E+01
1.1000000E-02,2.3451800E+01
1.1500000E-02,2.3456700E+01
1.2000000E-02,2.3514500E+01
1.2500000E-02,2.3565600E+01
1.3000000E-02,2.3656400E+01
1.3500000E-02,2.3694800E+01
1.4000000E-02,2.3746500E+01
1.4500000E-02,2.3823600E+01
1.5000000E-02,2.3855200E+01
1.5500000E-02,2.3804200E+01
1.6000000E-02,2.3869200E+01
1.6500000E-02,2.3707900E+01
1.7000000E-02,2.3782500E+01
1.7500000E-02,2.3822600E+01
1.8000000E-02,2.3931900E+01
1.8500000E-02,2.3955700E+01
1.9000000E-02,2.3744400E+01
1.9500000E-02,2.3717300E+01
2.0000000E-02,2.3834000E+01
2.0500000E-02,2.3758100E+01
2.1000000E-02,2.3713200E+01
2.1500000E-02,2.3720500E+01
2.2000000E-02,2.3729000E+01
2.2500000E-02,2.3745600E+01
2.3000000E-02,2.3894400E+01
2.3500000E-02,2.3783200E+01
2.4000000E-02,2.3780300E+01
2.4500000E-02,2.3760700E+01
2.5000000E-02,2.3895300E+01
2.5500000E-02,2.3764400E+01
2.6000000E-02,2.3774500E+01
2.6500000E-02,2.3749900E+01
2.7000000E-02,2.3594300E+01
2.7500000E-02,2.3842000E+01
2.8000000E-02,2.3579900E+01
2.8500000E-02,2.3627100E+01
2.9000000E-02,2.3753000E+01
2.9500000E-02,2.3836500E+01
3.0000000E-02,2.3666500E+01
3.0500000E-02,2.3640500E+01
3.1000000E-02,2.3767700E+01
3.1500000E-02,2.3686900E+01
3.2000000E-02,2.3509100E+01
3.2500000E-02,2.3767200E+01
3.3000000E-02,2.3859300E+01
3.3500000E-02,2.3818700E+01
3.4000000E-02,2.3955900E+01
3.4500000E-02,2.4097800E+01
3.5000000E-02,2.4108000E+01
3.5500000E-02,2.4095000E+01
3.6000000E-02,2.4101400E+01
3.6500000E-02,2.4032100E+01
3.7000000E-02,2.4083300E+01
3.7500000E-02,2.4061100E+01
3.8000000E-02,2.4163200E+01
3.8500000E-02,2.4053700E+01
3.9000000E-02,2.4135400E+01
3.9500000E-02,2.3974600E+01
4.0000000E-02,2.4245500E+01
4.0500000E-02,2.4078300E+01
4.1000000E-02,2.4089800E+01
4.1500000E-02,2.3943500E+01
4.2000000E-02,2.4073300E+01
4.2500000E-02,2.4106200E+01
4.3000000E-02,2.4130400E+01
4.3500000E-02,2.3887000E+01
4.4000000E-02,2.4096900E+01
4.4500000E-02,2.3968300E+01
4.5000000E-02,2.4141900E+01
4.5500000E-02,2.4033600E+01
4.6000000E-02,2.3991600E+01
4.6500000E-02,2.4011500E+01
4.7000000E-02,2.3671100E+01
4.7500000E-02,2.3805100E+01
4.8000000E-02,2.3928300E+01
4.8500000E-02,2.3881000E+01
4.9000000E-02,2.3965100E+01
4.9500000E-02,2.3709300E+01
5.0000000E-02,2.3802500E+01
5.0500000E-02,2.3760700E+01
5.1000000E-02,2.3810600E+01
5.1500000E-02,2.3826500E+01
5.2000000E-02,2.3801900E+01
5.2500000E-02,2.3646500E+01
5.3000000E-02,2.3771900E+01
5.3500000E-02,2.3911100E+01
5.4000000E-02,2.3768600E+01
5.4500000E-02,2.3930200E+01
5.5000000E-02,2.3984500E+01
5.5500000E-02,2.3752800E+01
5.6000000E-02,2.3999900E+01
5.6500000E-02,2.3972200E+01
5.7000000E-02,2.4182000E+01
5.7500000E-02,2.4010800E+01
5.8000000E-02,2.4023800E+01
5.8500000E-02,2.3997300E+01
5.9000000E-02,2.3953600E+01
5.9500000E-02,2.4078000E+01
6.0000000E-02,2.4022300E+01
6.0500000E-02,2.3938600E+01
6.1000000E-02,2.3978000E+01
6.1500000E-02,2.3912800E+01
6.2000000E-02,2.3922200E+01
6.2500000E-02,2.3894700E+01
6.3000000E-02,2.3981100E+01
6.3500000E-02,2.3763700E+01
6.4000000E-02,2.3730100E+01
6.4500000E-02,2.3790400E+01
6.5000000E-02,2.3788600E+01
6.5500000E-02,2.3756800E+01
6.6000000E-02,2.3700200E+01
6.6500000E-02,2.3838700E+01
6.7000000E-02,2.3806600E+01
6.7500000E-02,2.3430200E+01
6.8000000E-02,2.3629900E+01
6.8500000E-02,2.3431200E+01
6.9000000E-02,2.3587200E+01
6.9500000E-02,2.3545500E+01
7.0000000E-02,2.3639000E+01
7.0500000E-02,2.3590000E+01
7.1000000E-02,2.3700800E+01
7.1500000E-02,2.3667100E+01
7.2000000E-02,2.3629000E+01
7.2500000E-02,2.3528200E+01
7.3000000E-02,2.3518500E+01
7.3500000E-02,2.3488100E+01
7.4000000E-02,2.3462300E+01
7.4500000E-02,2.3417500E+01
7.5000000E-02,2.3626600E+01
7.5500000E-02,2.3441100E+01
7.6000000E-02,2.3558200E+01
7.6500000E-02,2.3421100E+01
7.7000000E-02,2.3519100E+01
7.7500000E-02,2.3651400E+01
7.8000000E-02,2.3636800E+01
7.8500000E-02,2.3657900E+01
7.9000000E-02,2.3647200E+01
7.9500000E-02,2.3637900E+01
8.0000000E-02,2.3563600E+01
8.0500000E-02,2.3363600E+01
8.1000000E-02,2.3641000E+01
8.1500000E-02,2.3455800E+01
8.2000000E-02,2.3460700E+01
8.2500000E-02,2.3288000E+01
8.3000000E-02,2.3361800E+01
8.3500000E-02,2.3357400E+01
8.4000000E-02,2.3490800E+01
8.4500000E-02,2.3536100E+01
8.5000000E-02,2.3430500E+01
8.5500000E-02,2.3342700E+01
8.6000000E-02,2.3187300E+01
8.6500000E-02,2.3142000E+01
8.7000000E-02,2.3088500E+01
8.7500000E-02,2.3174700E+01
8.8000000E-02,2.3170800E+01
8.8500000E-02,2.3068300E+01
8.9000000E-02,2.3275800E+01
8.9500000E-02,2.3193900E+01
9.0000000E-02,2.3057000E+01
9.0500000E-02,2.3131800E+01
9.1000000E-02,2.3172600E+01
9.1500000E-02,2.3100700E+01
9.2000000E-02,2.2933200E+01
9.2500000E-02,2.2870200E+01
9.3000000E-02,2.2950100E+01
9.3500000E-02,2.3083400E+01
9.4000000E-02,2.3056900E+01
9.4500000E-02,2.3020300E+01
9.5000000E-02,2.3077700E+01
9.5500000E-02,2.2739000E+01
9.6000000E-02,2.2959000E+01
9.6500000E-02,2.2966300E+01
9.7000000E-02,2.3159200E+01
9.7500000E-02,2.3121600E+01
9.8000000E-02,2.3034400E+01
9.8500000E-02,2.3112600E+01
9.9000000E-02,2.2999400E+01
9.9500000E-02,2.3010200E+01
1.0000000E-01,2.3041200E+01
1.0050000E-01,2.3010300E+01
1.0100000E-01,2.3074700E+01
1.0150000E-01,2.3127100E+01
1.0200000E-01,2.3094900E+01
1.0250000E-01,2.2915200E+01
1.0300000E-01,2.2929200E+01
1.0350000E-01,2.2911300E+01
1.0400000E-01,2.2847500E+01
1.0450000E-01,2.2760200E+01
1.0500000E-01,2.2820000E+01
1.0550000E-01,2.2964700E+01
1.0600000E-01,2.2760400E+01
1.0650000E-01,2.2717200E+01
1.0700000E-01,2.2806900E+01
1.0750000E-01,2.2673900E+01
1.0800000E-01,2.2689200E+01
1.0850000E-01,2.2720300E+01
1.0900000E-01,2.2724000E+01
1.0950000E-01,2.2723800E+01
1.1000000E-01,2.2678000E+01
1.1050000E-01,2.2575000E+01
1.1100000E-01,2.2566200E+01
1.1150000E-01,2.2549400E+01
1.1200000E-01,2.2481800E+01
1.1250000E-01,2.2450000E+01
1.1300000E-01,2.2475200E+01
1.1350000E-01,2.2595500E+01
1.1400000E-01,2.2569000E+01
1.1450000E-01,2.2392500E+01
1.1500000E-01,2.2443500E+01
1.1550000E-01,2.2380100E+01
1.1600000E-01,2.2252800E+01
1.1650000E-01,2.2261900E+01
1.1700000E-01,2.2093000E+01
1.1750000E-01,2.2368600E+01
1.1800000E-01,2.2483100E+01
1.1850000E-01,2.2560100E+01
1.1900000E-01,2.2399500E+01
1.1950000E-01,2.2414000E+01
1.2000000E-01,2.2627200E+01
1.2050000E-01,2.2563000E+01
1.2100000E-01,2.2553300E+01
1.2150000E-01,2.2492900E+01
1.2200000E-01,2.2588300E+01
1.2250000E-01,2.2504100E+01
1.2300000E-01,2.2518500E+01
1.2350000E-01,2.2345700E+01
1.2400000E-01,2.2375200E+01
1.2450000E-01,2.2502000E+01
1.2500000E-01,2.2360100E+01
1.2550000E-01,2.2276400E+01
1.2600000E-01,2.2233700E+01
1.2650000E-01,2.2099900E+01
1.2700000E-01,2.2238400E+01
1.2750000E-01,2.2040400E+01
1.2800000E-01,2.2160000E+01
1.2850000E-01,2.2094400E+01
1.2900000E-01,2.1980700E+01
1.2950000E-01,2.2003600E+01
1.3000000E-01,2.2080100E+01
1.3050000E-01,2.2245200E+01
1.3100000E-01,2.2083900E+01
1.3150000E-01,2.2005700E+01
1.3200000E-01,2.2056000E+01
1.3250000E-01,2.1896700E+01
1.3300000E-01,2.2023800E+01
1.3350000E-01,2.1848300E+01
1.3400000E-01,2.1839800E+01
1.3450000E-01,2.1788900E+01
1.3500000E-01,2.1917000E+01
1.3550000E-01,2.1710900E+01
1.3600000E-01,2.2087600E+01
1.3650000E-01,2.1933800E+01
1.3700000E-01,2.1708300E+01
1.3750000E-01,2.1732700E+01
1.3800000E-01,2.1760000E+01
1.3850000E-01,2.1795600E+01
1.3900000E-01,2.1967800E+01
1.3950000E-01,2.2059200E+01
1.4000000E-01,2.2091600E+01
1.4050000E-01,2.2007600E+01
1.4100000E-01,2.1941100E+01
1.4150000E-01,2.1927600E+01
1.4200000E-01,2.2105300E+01
1.4250000E-01,2.2262100E+01
1.4300000E-01,2.2154400E+01
1.4350000E-01,2.2046400E+01
1.4400000E-01,2.2021300E+01
1.4450000E-01,2.2060100E+01
1.4500000E-01,2.1946000E+01
1.4550000E-01,2.1911900E+01
1.4600000E-01,2.1941400E+01
1.4650000E-01,2.1859800E+01
1.4700000E-01,2.1936300E+01
1.4750000E-01,2.1763500E+01
1.4800000E-01,2.1986800E+01
1.4850000E-01,2.1676200E+01
1.4900000E-01,2.1828800E+01
1.4950000E-01,2.1899100E+01
1.5000000E-01,2.1601600E+01
1.5050000E-01,2.1662200E+01
1.5100000E-01,2.1678800E+01
1.5150000E-01,2.1699600E+01
1.5200000E-01,2.1707300E+01
1.5250000E-01,2.1651000E+01
1.5300000E-01,2.1681400E+01
1.5350000E-01,2.1652300E+01
1.5400000E-01,2.1699400E+01
1.5450000E-01,2.1579100E+01
1.5500000E-01,2.1674800E+01
1.5550000E-01,2.1755000E+01
1.5600000E-01,2.1649300E+01
1.5650000E-01,2.1553500E+01
1.5700000E-01,2.1491400E+01
1.5750000E-01,2.1479900E+01
1.5800000E-01,2.1551600E+01
1.5850000E-01,2.1554000E+01
1.5900000E-01,2.1428700E+01
1.5950000E-01,2.1470700E+01
1.6000000E-01,2.1564000E+01
1.6050000E-01,2.1510300E+01
1.6100000E-01,2.1572100E+01
1.6150000E-01,2.1691900E+01
1.6200000E-01,2.1723100E+01
1.6250000E-01,2.1700100E+01
1.6300000E-01,2.1816400E+01
1.6350000E-01,2.1866200E+01
1.6400000E-01,2.1705500E+01
1.6450000E-01,2.1626200E+01
1.6500000E-01,2.1672100E+01
1.6550000E-01,2.1698000E+01
1.6600000E-01,2.1724900E+01
1.6650000E-01,2.1601100E+01
1.6700000E-01,2.1752500E+01
1.6750000E-01,2.1520100E+01
1.6800000E-01,2.1484700E+01
1.6850000E-01,2.1518100E+01
1.6900000E-01,2.1480900E+01
1.6950000E-01,2.1649500E+01
1.7000000E-01,2.1644200E+01
1.7050000E-01,2.1643600E+01
1.7100000E-01,2.1634700E+01
1.7150000E-01,2.1513200E+01
1.7200000E-01,2.1469100E+01
1.7250000E-01,2.1488400E+01
1.7300000E-01,2.1651000E+01
1.7350000E-01,2.1550200E+01
1.7400000E-01,2.1224600E+01
1.7450000E-01,2.1517500E+01
1.7500000E-01,2.1495900E+01
1.7550000E-01,2.1430400E+01
1.7600000E-01,2.1536200E+01
1.7650000E-01,2.1462200E+01
1.7700000E-01,2.1351700E+01
1.7750000E-01,2.1377000E+01
1.7800000E-01,2.1473900E+01
1.7850000E-01,2.1345900E+01
1.7900000E-01,2.1436800E+01
1.7950000E-01,2.1398700E+01
1.8000000E-01,2.1542500E+01
1.8050000E-01,2.1628900E+01
1.8100000E-01,2.1423700E+01
1.8150000E-01,2.1516700E+01
1.8200000E-01,2.1624100E+01
1.8250000E-01,2.1609900E+01
1.8300000E-01,2.1805600E+01
1.8350000E-01,2.1799600E+01
1.8400000E-01,2.1689100E+01
1.8450000E-01,2.1598100E+01
1.8500000E-01,2.1798900E+01
1.8550000E-01,2.1503900E+01
1.8600000E-01,2.1625600E+01
1.8650000E-01,2.1666700E+01
1.8700000E-01,2.1613500E+01
1.8750000E-01,2.1568500E+01
1.8800000E-01,2.1479300E+01
1.8850000E-01,2.1567800E+01
1.8900000E-01,2.1506100E+01
1.8950000E-01,2.1455000E+01
1.9000000E-01,2.1603000E+01
1.9050000E-01,2.1608200E+01
1.9100000E-01,2.1516400E+01
1.9150000E-01,2.1451000E+01
1.9200000E-01,2.1481000E+01
1.9250000E-01,2.1398100E+01
1.9300000E-01,2.1519400E+01
1.9350000E-01,2.1354300E+01
1.9400000E-01,2.1479600E+01
1.9450000E-01,2.1411700E+01
1.9500000E-01,2.1488700E+01
1.9550000E-01,2.1323700E+01
1.9600000E-01,2.1426300E+01
1.9650000E-01,2.1441500E+01
1.9700000E-01,2.1566200E+01
1.9750000E-01,2.1502700E+01
1.9800000E-01,2.1348300E+01
1.9850000E-01,2.1362700E+01
1.9900000E-01,2.1394900E+01
1.9950000E-01,2.1224900E+01
2.0000000E-01,2.1397900E+01
2.0050000E-01,2.1468700E+01
2.0100000E-01,2.1528800E+01
2.0150000E-01,2.1523100E+01
2.0200000E-01,2.1477100E+01
2.0250000E-01,2.1574700E+01
2.0300000E-01,2.1549400E+01
2.0350000E-01,2.1935100E+01
2.0400000E-01,2.1894700E+01
2.0450000E-01,2.1822400E+01
2.0500000E-01,2.1822100E+01
2.0550000E-01,2.1722400E+01
2.0600000E-01,2.1793200E+01
2.0650000E-01,2.1818000E+01
2.0700000E-01,2.1883700E+01
2.0750000E-01,2.1488100E+01
2.0800000E-01,2.1740600E+01
2.0850000E-01,2.1733600E+01
2.0900000E-01,2.1687200E+01
2.0950000E-01,2.1599100E+01
2.1000000E-01,2.1923600E+01
2.1050000E-01,2.1766600E+01
2.1100000E-01,2.1638000E+01
2.1150000E-01,2.1711500E+01
2.1200000E-01,2.1662400E+01
2.1250000E-01,2.1610300E+01
2.1300000E-01,2.1670900E+01
2.1350000E-01,2.1569400E+01
2.1400000E-01,2.1810700E+01
2.1450000E-01,2.1705200E+01
2.1500000E-01,2.1588400E+01
2.1550000E-01,2.1638700E+01
2.1600000E-01,2.1623100E+01
2.1650000E-01,2.1616400E+01
2.1700000E-01,2.1663400E+01
2.1750000E-01,2.1682500E+01
2.1800000E-01,2.1723100E+01
2.1850000E-01,2.1610000E+01
2.1900000E-01,2.1543500E+01
2.1950000E-01,2.1727700E+01
2.2000000E-01,2.1734900E+01
2.2050000E-01,2.1697300E+01
2.2100000E-01,2.1639200E+01
2.2150000E-01,2.1761500E+01
2.2200000E-01,2.1640700E+01
2.2250000E-01,2.1679900E+01
2.2300000E-01,2.1725500E+01
2.2350000E-01,2.1896500E+01
2.2400000E-01,2.2020800E+01
2.2450000E-01,2.1909000E+01
2.2500000E-01,2.2061900E+01
2.2550000E-01,2.1872400E+01
2.2600000E-01,2.1993500E+01
2.2650000E-01,2.2078000E+01
2.2700000E-01,2.1923000E+01
2.2750000E-01,2.1913700E+01
2.2800000E-01,2.2044900E+01
2.2850000E-01,2.1890800E+01
2.2900000E-01,2.2112200E+01
2.2950000E-01,2.1956400E+01
2.3000000E-01,2.2079900E+01
2.3050000E-01,2.1922000E+01
2.3100000E-01,2.2065800E+01
2.3150000E-01,2.2006500E+01
2.3200000E-01,2.2074500E+01
2.3250000E-01,2.1992100E+01
2.3300000E-01,2.1999200E+01
2.3350000E-01,2.1922100E+01
2.3400000E-01,2.1790200E+01
2.3450000E-01,2.2136600E+01
2.3500000E-01,2.1898200E+01
2.3550000E-01,2.2018100E+01
2.3600000E-01,2.1941500E+01
2.3650000E-01,2.2154500E+01
2.3700000E-01,2.1982100E+01
2.3750000E-01,2.2065700E+01
2.3800000E-01,2.1945200E+01
2.3850000E-01,2.1955300E+01
2.3900000E-01,2.2058800E+01
2.3950000E-01,2.1748900E+01
2.4000000E-01,2.1903200E+01
2.4050000E-01,2.1874400E+01
2.4100000E-01,2.2184900E+01
2.4150000E-01,2.1862500E+01
2.4200000E-01,2.2086100E+01
2.4250000E-01,2.2108100E+01
2.4300000E-01,2.2323500E+01
2.4350000E-01,2.2080600E+01
2.4400000E-01,2.2329100E+01
2.4450000E-01,2.2297100E+01
2.4500000E-01,2.2239800E+01
2.4550000E-01,2.2336600E+01
2.4600000E-01,2.2504200E+01
2.4650000E-01,2.2368700E+01
2.4700000E-01,2.2539000E+01
2.4750000E-01,2.2265200E+01
2.4800000E-01,2.2473500E+01
2.4850000E-01,2.2381800E+01
2.4900000E-01,2.2675300E+01
2.4950000E-01,2.2505300E+01
2.5000000E-01,2.2459700E+01
2.5050000E-01,2.2222500E+01
2.5100000E-01,2.2437300E+01
2.5150000E-01,2.2342500E+01
2.5200000E-01,2.2509800E+01
2.5250000E-01,2.2348000E+01
2.5300000E-01,2.2497800E+01
2.5350000E-01,2.2209300E+01
2.5400000E-01,2.2492000E+01
2.5450000E-01,2.2482100E+01
2.5500000E-01,2.2524400E+01
2.5550000E-01,2.2456000E+01
2.5600000E-01,2.2472800E+01
2.5650000E-01,2.2387200E+01
2.5700000E-01,2.2531400E+01
2.5750000E-01,2.2316100E+01
2.5800000E-01,2.2383900E+01
2.5850000E-01,2.2633400E+01
2.5900000E-01,2.2543300E+01
2.5950000E-01,2.2544400E+01
2.6000000E-01,2.2439400E+01
2.6050000E-01,2.2458100E+01
2.6100000E-01,2.2445100E+01
2.6150000E-01,2.2463800E+01
2.6200000E-01,2.2660800E+01
2.6250000E-01,2.2470100E+01
2.6300000E-01,2.2610900E+01
2.6350000E-01,2.2538800E+01
2.6400000E-01,2.2530100E+01
2.6450000E-01,2.2360500E+01
2.6500000E-01,2.2812100E+01
2.6550000E-01,2.2719400E+01
2.6600000E-01,2.2793300E+01
2.6650000E-01,2.2930100E+01
2.6700000E-01,2.2747800E+01
2.6750000E-01,2.2775700E+01
2.6800000E-01,2.3033900E+01
2.6850000E-01,2.2809500E+01
2.6900000E-01,2.3086400E+01
2.6950000E-01,2.2752000E+01
2.7000000E-01,2.2918800E+01
2.7050000E-01,2.3066700E+01
2.7100000E-01,2.2786200E+01
2.7150000E-01,2.2994300E+01
2.7200000E-01,2.2990600E+01
2.7250000E-01,2.2877200E+01
2.7300000E-01,2.2873900E+01
2.7350000E-01,2.3015800E+01
2.7400000E-01,2.2904300E+01
2.7450000E-01,2.2950900E+01
2.7500000E-01,2.2908100E+01
2.7550000E-01,2.2898700E+01
2.7600000E-01,2.3150600E+01
2.7650000E-01,2.2924100E+01
2.7700000E-01,2.3002000E+01
2.7750000E-01,2.3027900E+01
2.7800000E-01,2.2806900E+01
2.7850000E-01,2.3032500E+01
2.7900000E-01,2.2982000E+01
2.7950000E-01,2.2917200E+01
2.8000000E-01,2.3076700E+01
2.8050000E-01,2.2864300E+01
2.8100000E-01,2.3204400E+01
2.8150000E-01,2.3032400E+01
2.8200000E-01,2.3144800E+01
2.8250000E-01,2.3165400E+01
2.8300000E-01,2.3040900E+01
2.8350000E-01,2.3116000E+01
2.8400000E-01,2.3092800E+01
2.8450000E-01,2.3135700E+01
2.8500000E-01,2.3182900E+01
2.8550000E-01,2.3234400E+01
2.8600000E-01,2.3199600E+01
2.8650000E-01,2.3505300E+01
2.8700000E-01,2.3610000E+01
2.8750000E-01,2.3311700E+01
2.8800000E-01,2.3488100E+01
2.8850000E-01,2.3324600E+01
2.8900000E-01,2.3512600E+01
2.8950000E-01,2.3550100E+01
2.9000000E-01,2.3669700E+01
2.9050000E-01,2.3578300E+01
2.9100000E-01,2.3673800E+01
2.9150000E-01,2.3491300E+01
2.9200000E-01,2.3497000E+01
2.9250000E-01,2.3621300E+01
2.9300000E-01,2.3363500E+01
2.9350000E-01,2.3613700E+01
2.9400000E-01,2.3452300E+01
2.9450000E-01,2.3497900E+01
2.9500000E-01,2.3261200E+01
2.9550000E-01,2.3608700E+01
2.9600000E-01,2.3650700E+01
2.9650000E-01,2.3586700E+01
2.9700000E-01,2.3630000E+01
2.9750000E-01,2.3612400E+01
2.9800000E-01,2.3609100E+01
2.9850000E-01,2.3510400E+01
2.9900000E-01,2.3723100E+01
2.9950000E-01,2.3395600E+01
3.0000000E-01,2.3768900E+01
3.0050000E-01,2.3646600E+01
3.0100000E-01,2.3672700E+01
3.0150000E-01,2.3537700E+01
3.0200000E-01,2.3716600E+01
3.0250000E-01,2.3852100E+01
3.0300000E-01,2.3666800E+01
3.0350000E-01,2.3914500E+01
3.0400000E-01,2.3798000E+01
3.0450000E-01,2.3901700E+01
3.0500000E-01,2.3741600E+01
3.0550000E-01,2.3783200E+01
3.0600000E-01,2.3762000E+01
3.0650000E-01,2.3783800E+01
3.0700000E-01,2.4195300E+01
3.0750000E-01,2.3996500E+01
3.0800000E-01,2.4211900E+01
3.0850000E-01,2.4051700E+01
3.0900000E-01,2.4168700E+01
3.0950000E-01,2.4278300E+01
3.1000000E-01,2.4375200E+01
3.1050000E-01,2.4369100E+01
3.1100000E-01,2.4266500E+01
3.1150000E-01,2.4205000E+01
3.1200000E-01,2.4391300E+01
3.1250000E-01,2.4210300E+01
3.1300000E-01,2.4510500E+01
3.1350000E-01,2.4334300E+01
3.1400000E-01,2.4374900E+01
3.1450000E-01,2.4496600E+01
3.1500000E-01,2.4457200E+01
3.1550000E-01,2.4445000E+01
3.1600000E-01,2.4394500E+01
3.1650000E-01,2.4401800E+01
3.1700000E-01,2.4462800E+01
3.1750000E-01,2.4443200E+01
3.1800000E-01,2.4437600E+01
3.1850000E-01,2.4508500E+01
3.1900000E-01,2.4294200E+01
3.1950000E-01,2.4462500E+01
3.2000000E-01,2.4463900E+01
3.2050000E-01,2.4521200E+01
3.2100000E-01,2.4361900E+01
3.2150000E-01,2.4298400E+01
3.2200000E-01,2.4453400E+01
3.2250000E-01,2.4473400E+01
3.2300000E-01,2.4666900E+01
3.2350000E-01,2.4402600E+01
3.2400000E-01,2.4744600E+01
3.2450000E-01,2.4495900E+01
3.2500000E-01,2.4657900E+01
3.2550000E-01,2.4497500E+01
3.2600000E-01,2.4736000E+01
3.2650000E-01,2.4515700E+01
3.2700000E-01,2.4815600E+01
3.2750000E-01,2.4568100E+01
3.2800000E-01,2.4850900E+01
3.2850000E-01,2.4823000E+01
3.2900000E-01,2.4910900E+01
3.2950000E-01,2.4976400E+01
3.3000000E-01,2.4934300E+01
3.3050000E-01,2.5081300E+01
3.3100000E-01,2.4983000E+01
3.3150000E-01,2.5132300E+01
3.3200000E-01,2.5130800E+01
3.3250000E-01,2.5035000E+01
3.3300000E-01,2.5137100E+01
3.3350000E-01,2.5001900E+01
3.3400000E-01,2.5139500E+01
3.3450000E-01,2.5174200E+01
3.3500000E-01,2.5241300E+01
3.3550000E-01,2.5161600E+01
3.3600000E-01,2.5232400E+01
3.3650000E-01,2.5236800E+01
3.3700000E-01,2.5152500E+01
3.3750000E-01,2.5260600E+01
3.3800000E-01,2.5320200E+01
3.3850000E-01,2.5186600E+01
3.3900000E-01,2.5276500E+01
3.3950000E-01,2.5384000E+01
3.4000000E-01,2.5259200E+01
3.4050000E-01,2.5301500E+01
3.4100000E-01,2.5330400E+01
3.4150000E-01,2.5398400E+01
3.4200000E-01,2.5268200E+01
3.4250000E-01,2.5530700E+01
3.4300000E-01,2.5345400E+01
3.4350000E-01,2.5514900E+01
3.4400000E-01,2.5588000E+01
3.4450000E-01,2.5377700E+01
3.4500000E-01,2.5573700E+01
3.4550000E-01,2.5533700E+01
3.4600000E-01,2.5569400E+01
3.4650000E-01,2.5484000E+01
3.4700000E-01,2.5632700E+01
3.4750000E-01,2.5706900E+01
3.4800000E-01,2.5613500E+01
3.4850000E-01,2.5731900E+01
3.4900000E-01,2.5760400E+01
3.4950000E-01,2.5963500E+01
3.5000000E-01,2.5814100E+01
3.5050000E-01,2.6152400E+01
3.5100000E-01,2.6017400E+01
3.5150000E-01,2.6221400E+01
3.5200000E-01,2.6168800E+01
3.5250000E-01,2.6263800E+01
3.5300000E-01,2.6228500E+01
3.5350000E-01,2.6134800E+01
3.5400000E-01,2.6409400E+01
3.5450000E-01,2.6221700E+01
3.5500000E-01,2.6293100E+01
3.5550000E-01,2.6303200E+01
3.5600000E-01,2.6183800E+01
3.5650000E-01,2.6279900E+01
3.5700000E-01,2.6374200E+01
3.5750000E-01,2.6401700E+01
3.5800000E-01,2.6408200E+01
3.5850000E-01,2.6476000E+01
3.5900000E-01,2.6431600E+01
3.5950000E-01,2.6317500E+01
3.6000000E-01,2.6385600E+01
3.6050000E-01,2.6545900E+01
3.6100000E-01,2.6357100E+01
3.6150000E-01,2.6572900E+01
3.6200000E-01,2.6542600E+01
3.6250000E-01,2.6608700E+01
3.6300000E-01,2.6638800E+01
3.6350000E-01,2.6549400E+01
3.6400000E-01,2.6535000E+01
3.6450000E-01,2.6531800E+01
3.6500000E-01,2.6680400E+01
3.6550000E-01,2.6816200E+01
3.6600000E-01,2.6689400E+01
3.6650000E-01,2.6690300E+01
3.6700000E-01,2.6799800E+01
3.6750000E-01,2.6704700E+01
3.6800000E-01,2.6802000E+01
3.6850000E-01,2.7131000E+01
3.6900000E-01,2.6865200E+01
3.6950000E-01,2.6986000E+01
3.7000000E-01,2.7069500E+01
3.7050000E-01,2.6976400E+01
3.7100000E-01,2.7268100E+01
3.7150000E-01,2.7218200E+01
3.7200000E-01,2.7287900E+01
3.7250000E-01,2.7441700E+01
3.7300000E-01,2.7466400E+01
3.7350000E-01,2.7439300E+01
3.7400000E-01,2.7481200E+01
3.7450000E-01,2.7603100E+01
3.7500000E-01,2.7403700E+01
3.7550000E-01,2.7656900E+01
3.7600000E-01,2.7495800E+01
3.7650000E-01,2.7602600E+01
3.7700000E-01,2.7670300E+01
3.7750000E-01,2.7620200E+01
3.7800000E-01,2.7767900E+01
3.7850000E-01,2.7770500E+01
3.7900000E-01,2.7798100E+01
3.7950000E-01,2.7798800E+01
3.8000000E-01,2.7599900E+01
3.8050000E-01,2.7984200E+01
3.8100000E-01,2.7780100E+01
3.8150000E-01,2.7884700E+01
3.8200000E-01,2.7864500E+01
3.8250000E-01,2.7783900E+01
3.8300000E-01,2.8106500E+01
3.8350000E-01,2.7986600E+01
3.8400000E-01,2.7923000E+01
3.8450000E-01,2.8145500E+01
3.8500000E-01,2.8229300E+01
3.8550000E-01,2.8006900E+01
3.8600000E-01,2.8133300E+01
3.8650000E-01,2.8316400E+01
3.8700000E-01,2.8319800E+01
3.8750000E-01,2.8219500E+01
3.8800000E-01,2.8129900E+01
3.8850000E-01,2.8310000E+01
3.8900000E-01,2.8415300E+01
3.8950000E-01,2.8391100E+01
3.9000000E-01,2.8437300E+01
3.9050000E-01,2.8468500E+01
3.9100000E-01,2.8638500E+01
3.9150000E-01,2.8494300E+01
3.9200000E-01,2.8542100E+01
3.9250000E-01,2.8873300E+01
3.9300000E-01,2.8887000E+01
3.9350000E-01,2.8848600E+01
3.9400000E-01,2.8850100E+01
3.9450000E-01,2.8919100E+01
3.9500000E-01,2.8906800E+01
3.9550000E-01,2.9163400E+01
3.9600000E-01,2.9167900E+01
3.9650000E-01,2.9120700E+01
3.9700000E-01,2.9026500E+01
3.9750000E-01,2.8911100E+01
3.9800000E-01,2.9143800E+01
3.9850000E-01,2.9069600E+01
3.9900000E-01,2.9132100E+01
3.9950000E-01,2.9153100E+01
4.0000000E-01,2.9205000E+01
